{
  "per_topic_kappa": {
    "Biden's Clean Energy Transition": 0.9381188118811881,
    "Liquefied Natural Gas (LNG) Export Ban": 0.9318801089918256
  },
  "average_kappa": 0.9349994604365068
}