{
  "per_topic_kappa": {
    "Lab-leak Theory": 0.7049180327868853,
    "Natural Evolution Theory": 0.6593059936908517
  },
  "average_kappa": 0.6821120132388685
}